name,poc,designation,email,website,mobile,fax,address,online,category,sub-category,categories,profile
Adrian Babe Online,325-A Changi South Avenue 2 Singapore 486594,,,,(+65) 852-6114,,325-A Changi South Avenue 2 Singapore 486594,Online,Mattress,Bedding,"Baby Products, Bedding, Crib Quilts","Singapore Baby Products Company Suppliers of Nursery Bedding, Crib Quilts, Pottery Barn Kids Bedding, Ocean Critters, Entire Crib Quilt Sets"
Airland (S) Pte Ltd,"994, Bendemeer Rd #02-06 Bendemeer JTC Flatted Fty Singapore 339943",,,,(+65) 6296-2268,(+65) 6296-1882,"994, Bendemeer Rd #02-06 Bendemeer JTC Flatted Fty Singapore 339943",Online,Mattress,Bedding,"Bedding, Mattresses, Home Furnishings","Singapore Furnishings Company Suppliers of Bedding, Mattresses, Home Furnishings"
Artha Cozy Baby,Upper Changi Rd East Singapore 467354,,,,(+65) 9906-7497,,Upper Changi Rd East Singapore 467354,Online,Mattress,Bedding,"Baby Products, Bedding","Singapore Baby Products Company Supplies suppliers of Baby Products, Nursery Bedding, New Lambs & Ivy Baby Picasso Sage Baby 14-Piece Crib Nursery New Lambs & Ivy Baby 23-Piece Crib Nursery Set New Cotton Tale Tiny Tango 14-Piece Baby Bedding Sets"
Bedding Saloon,,,,,(+65) 6567-2980,(+65) 6567-6422,2 Jurong East St 21 #02-08  Singapore,Online,Mattress,Bedding,"Mattresses, Bedding, Beds, Furniture","Singapore Bedding Company Suppliers of Mattresses, Bedding, Beds, Furniture. Mattresses Wholesalers, Mattresses Manufacturers, Mattresses Distributors, Mattresses Suppliers"
Best (Spring Mattress) Manufacturers Pte Ltd,,,,,(+65) 6748-9963,(+65) 6748-9392,12 Lor Bakar Batu #03-04/06  Singapore,Online,Mattress,Bedding,"Mattresses, Beds, Bedding, Bedroom  Furniture","Singapore Mattress Manufacturer Suppliers of Beds, Bedding, Bedroom Furniture. Mattresses Wholesalers, Mattresses Manufacturers, Mattresses Distributors, Mattresses Suppliers"
Cheong Choon Store,,,info@cheongchoon.com,www.cheongchoon.com,(+65) 6532-3855,(+65) 6532-7816,Blk 34 Upper Cross Street #03-132  Singapore 050034,Online,Mattress,Bedding,"Baby Products, Baby Cots, Bedding,  Feeding Bottles, Prams, Car Seats","Singapore Baby Products Company Suppliers of Baby Bath Towels, Baby Bath Tubs, Baby Baths, Baby Bed Sheets, Baby Boucenette, Baby Caps, Baby Carriers, Baby Chest Pillows, Baby Cots, Baby Cotton buds, Baby Fine Cotton buds, Baby Fine Face cloths, Baby Hair Brush, Baby Hair Combs, Baby Long Pants, Baby Panty, Baby Potty, Baby Powders, Baby Receiving Blankets, Baby Rocking Chairs, Baby Safety Scissors, Baby Shampoo, Baby Shorts, Baby Soaps, Baby Socks, Baby Soft Shoes, Baby Toys, Baby walkers, Bath Mats"
Chin Thiam Thian,,,,,(+65) 6483-3518,(+65) 6483-3518,Blk 6012 Ang Mo Kio Industrial Park 3 #01-372  Singapore,Online,Mattress,Bedding,"Pillows, Pillow Cases, Bedding,  Wholesalers, Manufacturers, Distributors,  Suppliers","Singapore Company Suppliers of Pillows, Pillow Cases, Bedding, Wholesalers, Manufacturers, Distributors, Suppliers"
Chu Tat Co Pte Ltd,,,sales@chutat.com.sg,,(+65) 6846-0383,(+65) 6846-8208,"Ubi Techpark 10, Kopitiam - Ubi Techpark 10 Ubi  Crescent  Singapore 408564",Online,Mattress,Bedding,"Insulation Materials, Textiles, Overalls,  Work Clothes, Garments, Blamkets","Singapore Clothing & Textiles Company Suppliers of Bedding, Insulation Materials, Textiles, Overalls, Work Clothes, Garments, Blankets"
Chuang Chung Wen Pte Ltd,,,,,(+65) 6265-2633,(+65) 6265-2633,245 Jalan Ahmad Ibrahim  Singapore 629144,Online,Mattress,Bedding,"Bedding, Textiles, Home Furnishings","Singapore Bedding Company Suppliers of Bedding, Textiles, Home Furnishings. A leading bed linen company in Singapore, offering a wide variety of bed linen and bedding accessories with quality and style at accessible price."
