Achieve Print N Pack Pte Ltd,,,,,(+65) 6749-3493,(+65) 6749-3403,"18, Kaki Bukit Road 3 #02-10 Singapore 415978",Offline,Other Lifestyle (All categories),Bags and Travel Accessories,"Printers, Packaging Printing Services","Singapore Printing Company, Printers, Packaging Printing Services, Printing of Paper Bags, Plastic Carrier Bags, Labels, Cartons, Plastic Boxes, Cardboard Boxes"
Advance Approach (S) Pte Ltd,,,,,(+65) 6253-2258,(+65) 6253-1139,"52, Genting Lane Ruby Land Complex Singapore 349560",Offline,Other Lifestyle (All categories),Bags and Travel Accessories,"Luggage, Suitcases, Travel Bags","Singapore Luggage Manufacturer of Luggage, Suitcases, Travel Bags"
Aik Seng Leather Goods,,,,,(+65) 6732-4119,,"14, Scotts Road #02-101 Far East Plaza Singapore 228213",Offline,Other Lifestyle (All categories),Bags and Travel Accessories,"Leather Goods, Leather Products, Leather  Accessories","Singapore Leather Company Suppliers of Leather Goods, Leather Products, Leather Bags, Leather Accessories"
Aiwah Bag Manufacturer,,,aiwahbag@pacific.net.sg,,(+65) 6282-9555,(+65) 6285-4952,3 Irving Rd #05-01 Singapore 369522,Online,Other Lifestyle (All categories),Bags and Travel Accessories,"Carrier Bags, Conference Bags, Pouches,  Children Bags, Manufacturers, Wholesalers","Singapore Bags Company Suppliers of Carrier Bags, Conference Bags, Pouches, Children Bags, Specialty Bags, Manufacturers, Wholesalers, Distributors"
Aldiab Trading Co,,,,,(+65) 6344-7349,,"44, Changi Rd Singapore 419703",Offline,Other Lifestyle (All categories),Bags and Travel Accessories,"Handbags, Handbag Repairs, Handbag  Exporters","Singapore Handbags Trading Company, Handbag Repairs, Leather Handbag Exporters"
All Bags Store,,,,,(+65) 6269-1923,(+65) 6397-1176,"1A, Woodlands Centre Rd #01-48 Singapore 731001",Offline,Other Lifestyle (All categories),Bags and Travel Accessories,"Leather Goods, Leather Products, Leather  Accessories","Singapore Leather Bags Shop Suppliers of Leather Goods, Leather Products, Leather Accessories, Leather Bags"
Alley Handbag Industries,,,,,(+65) 6284-1697,(+65) 6281-2457,2A Braddell Rd Singapore,Offline,Other Lifestyle (All categories),Bags and Travel Accessories,"Handbag Manufacturers, Handbag  Wholesalers, Distributors","Singapore Handbag Manufacturers, Handbag Wholesalers, Distributors, Handbags Wholesalers, Distributors, Fashion Accessories"
Anvisage Gifts,,,,,(+65) 6536-5228,,195 Pearl's Hill Terrace #02-55 Singapore 168976,Offline,Other Lifestyle (All categories),Bags and Travel Accessories,"Corporate Gifts, Leather Products,  Leather Bags, Leather Pouches, Computer Accessories","Singapore Corporate Gifts Suppliers of Leather Products, Leather Bags, Leather Pouches, Leather Computer Accessories"
Art Paper Bag Company,,,,,(+65) 6338-7733,(+65) 6337-0510,7 Kallang Pl #02-11 Singapore 339153,Offline,Other Lifestyle (All categories),Bags and Travel Accessories,"Paper Bags, Packaging, Gift Boxes","Singapore Packaging Company suppliers of Paper Bags, Packaging, Gift Boxes, Custom-made Paper Bags, Name Cards, Paper Gift Boxes, Plain Paper Bags"
Auling Ventures Singapore Plc,,,,,(+65) 9031-1702,,10 Anson Way Singapore,Offline,Other Lifestyle (All categories),Bags and Travel Accessories,"Heat Seal Tea bags, Filter Papers","We are a China, Singapore joint venture involved in the development and marketing of tea and coffee filter paper. Suppliers of Heat Seal Tea bags, Filter Papers"
Bags Trading,nan,,nan,nan,nan,nan,nan,Offline,Other Lifestyle (All categories),Bags and Travel Accessories,nan,"Singapore Trading Company Suppliers of Leather Bags, Leather Handbags, Leather Luggage, Leather Goods, Leather Products, Leather Accessories"
Ban Teck Hin Pte Ltd,,,,,(+65) 6479-3171,(+65) 6475-0874,10 Changi Charn Rd  Singapore 159639,Offline,Other Lifestyle (All categories),Bags and Travel Accessories,"Bags, Handbags, Luggage","Singapore Bags Company Suppliers of Bags, Handbags, Luggage, Burlap Bags, Canvas Bags, Cotton Bags"
Bee Lian Plastic Industries Pte Ltd,,,bschua@pacific.net.sg,,(+65) 6482-5335,(+65) 6443-3168,23 Jalan Lokam Singapore  Singapore 537869,Online,Other Lifestyle (All categories),Bags and Travel Accessories,"Plastic Products, Plastic Carrier Bags,  Plastic Packaging","Singapore Plastic Packaging Manufacturers of Plastic Products, Plastic Carrier Bags, Vest Type Carriers, Shoppers Bags, T-Shirts Bags, Punched Hole Carriers, Merchandise Bags, Cascade Bags, - Layflat tubings, Centrefold Sheets"
BHG (Singapore) Pte Ltd,,,career@bhgsingapore.com.sg,,(+65) 6223-2222,,230 VICTORIA STREET #03-01 BUGIS JUNCTION  Singapore 188024,Online,Other Lifestyle (All categories),Bags and Travel Accessories,"Department Stores, Retailers","Singapore Department Store Chain with four stores in Bugis, Choa Chu Kang, Bishan & Tampines. Owned by the Beijing Hualian Group; product categories include apparel, beauty, shoes & bags, fashion accessories, health & sports goods"
C & K Marketing Pte Ltd,ALAN CHUA,,cheng@ckmark.com,,(+65) 6741-7797,(+65) 6741-7775,180 Paya Lebar Road #07-06 Yi Guang Factory  Building  Singapore 409032,Online,Other Lifestyle (All categories),Bags and Travel Accessories,"Gifts, Souvenirs, Silk-Screen, Laser  Imprint, Hot-Stamp, Embroidery","Singapore providers of corporate gifts and souvenirs, Advertising & Promotion Products, Arts & Crafts, Bags, Pouches, Books, Organisers, Business Gifts, Calendars, Car Accessories, Clocks & Watches, Computer & IT Products, Drinkware, Electronic Devices, Festive Gifts Food baskets, Games, Toys, Playing Cards, Inflatables, Golf Products, Healthy Life Products, Housewares, Tools, Jewellery, Keychains, Purses, Photo frames, Recognition Awards, Trophies, Sporting Goods, ravel Accessories, Umbrellas, Wedding Gifts, Writing Instruments"
Caline Leather Products Pte Ltd,SIMON YEO,,sales@caline.com.sg,,(+65) 6294-6683,(+65) 6295-0761,Block 26 Kallang Place #06-06/07  Singapore 339157,Online,Other Lifestyle (All categories),Bags and Travel Accessories,"Leather Gifts, Leather Souvenirs, Coin  Pouches, Key Holders, Folders,  Overnighters","Singapore Leather Company Specialists in customizing, designing and manufacturing PU and Leather, mainly cow hide, products. Suppliers of Leather Gifts, Leather Bags, Leather Souvenirs, Leather Coin Pouches, Leather Key Holders, Leather Folders, Leather Overnighters"
Celeste Fashion International Pte Ltd,,,,,,,"2 Jurong East St 21, #01-115A,  Singapore 689528",Offline,Other Lifestyle (All categories),Bags and Travel Accessories,"Fashion Fabrics, Fashion Accessories,  Leather, Fur,","Singapore Fashion Products Company Suppliers of Fashion Fabrics, Fashion Accessories, Leather, Fur, Fashion Dresses, Fashion Blouses Fashion Skirts, Fashion Bags"
Champion Shoe Company,,,,,(+65) 6532-2812,(+65) 6532-2812,"101 Upper Cross Street, #02-28 People's Park Centre  Singapore 058357",Offline,Other Lifestyle (All categories),Bags and Travel Accessories,"Bags, Clothing, Belts, Fashion  Accessories, Handbags, Shoes","Singapore Suppliers of Bags, Clothing, Belts, Fashion Accessories, Handbags, Shoes, Footwear Wholesalers, Footwear Distributors"
Chan Yew Leather Bags Manufacturers,,,,,(+65) 6748-9679 (+65) 6744-8832,(+65) 6744-8838 (+65) 6744-8832,65 Sims Avenue #07-09 Yi Xiu Fty Building  Singapore 387418,Offline,Other Lifestyle (All categories),Bags and Travel Accessories,"Crocodile Skin Bags, Reptile Skin Bags,  Snakeskin Bags","Singapore Suppliers of Reptile Skin Products, Wholesalers, Manufacturers, Distributors, Crocodile Skin Products, Fashion Services, Leather Goods, Leather Goods Repair, Reptile Skin Products, Snakeskin Products"
Charles & Keith (Singapore) Pte Ltd,,,customers@charleskeith.com,,(+65) 6221-1814 (+65) 6488-2688,(+65) 6488-1649,165 Tanjong Pagar Road  Singapore,Online,Other Lifestyle (All categories),Bags and Travel Accessories,"Retail Chains, Footwear, Shoes, Bags,  Fashion Accessories","Singapore Chain of concept stores that retail shoes and bags; has stores in Singapore, Australia, Japan, Indonesia, India, Thailand, UAE, Brunei Darassalum, Mauritius, Myanmar, Taiwan, Turkey, New Zealand, Greece, Egypt, and Saudi Arabia. Retailers of Footwear, Shoes, Bags, Fashion Accessories"
Cheong Meng Plastic Manufacturers Pte Ltd,,,,,(+65) 6747-4327,(+65) 6747-5094,8 Lor Bakar Batu #02-08  Singapore 348743,Offline,Other Lifestyle (All categories),Bags and Travel Accessories,"Plastic Bags, Plastics Fabrics, Plastic  Films,","Singapore Plastics Company Suppliers of Plastic Bags, Plastics Fabrics, Plastic Films, Plastic Packaging"
Cheong Seng Transport & Trading Company,,,,,(+65) 6265-1088 (+65) 6266-3828,(+65) 6266-3834 (+65) 6266-3828,85 Second Lok Yang Rd  Singapore 628161,Offline,Other Lifestyle (All categories),Bags and Travel Accessories,"Plastics Machinery, Plastic Materials,  Plastic Scrap, Polyethylene (PE) Foam","Singapore Plastic Trading Company Suppliers of Plastics Machinery, Plastic Materials, Plastic Scrap, Polyethylene (PE) Foam, Plastics Scrap, Used Plastic Machinery"
Chien Fatt Polymer Industry Pte Ltd,,,,,(+65) 6265-8589,(+65) 6261-6891,28 Kian Teck Dr  Singapore 628845,Offline,Other Lifestyle (All categories),Bags and Travel Accessories,"Plastics Bags, Plastic Products,  Polypropylene Sheets","Singapore Plastics Company Suppliers of Plastics Bags, Plastic Products, Polypropylene Sheets, Plastics Products (Finished) Wholesalers, Plastics Manufacturers, Plastics Distributors, Plastics Suppliers"
Chin Giap Soon Trading Pte Ltd,,,,,(+65) 6742-2705 (+65) 6297-0075,(+65) 6747-6149 (+65) 6296-4802,"298 Beach Road, #02-12 Raffles Hospital  Singapore 188770",Offline,Other Lifestyle (All categories),Bags and Travel Accessories,"Paper Bags, Disposable Paper Cups, Paper  Cores, Paper Plates, Paper Labels, Paper Towels, Paper Wipes","Singapore Paper Products Trading Company Suppliers of Paper Bags, Disposable Paper Cups, Paper Cores, Paper Plates, Paper Labels, Paper Towels, Paper Wipes, Disposable Paper Tableware, Paper Cores, Paper Plates, Paper Products, Paper Tags, Paper Towels, Paper Wipes"
Chin Hin Plastic Manufacturer,Jason Lim Sales,Manager,chin@cyberway.com.sg,,(+65) 6368-4161,(+65) 6367-8599 (+65) 6367-8593,17 Sungei Kadut Way  Singapore 728776,Online,Other Lifestyle (All categories),Bags and Travel Accessories,"Polyethylene Bags, Plastic Bags, T-shirt Bags,  Shopping Bags, Garbage Bags","Singapore Plastic Bags Company Suppliers of Polyethylene Bags, Plastic Bags, T-shirt Bags, Shopping Bags, Garbage Bags. Manufacture plastic shopping bags, high density polyethylene bags, garbage bags, bags on roll, fruit bags, T-shirt Bags, Shopping Bags, Garbage Bags, Bag On Rolls, Produce Rolls, T 'shirt Bag On Rolls, Candy Stripe Bags, Garbage Bags, Coreless Kitchen Tidy Bags, Glue Spot Singlet Bags, Easy Open T 'shirt Bags, Cascade Blocked Bags, Vest Type Carrier Bags"
Chin Hong Printing Pte Ltd,,,,,(+65) 6861-8105,(+65) 6861-1335,16 Joo Koon Circle  Singapore,Offline,Other Lifestyle (All categories),Bags and Travel Accessories,"Paper Bags, Printers, Printing Services,  Printing Supplies","Singapore Packaging Printing Company Suppliers of Paper Bags, Printers, Printing Services, Printing Supplies"
Chin Tai & Co,,,,,(+65) 6482-3174,(+65) 6482-3610,Blk 6001 Ang Mo Kio Industrial Park 3 #01-576  Singapore,Offline,Other Lifestyle (All categories),Bags and Travel Accessories,"Artificial Leather Dealers, Gift Shops,  Gifts, Leather Bags, Leather Gift Items,  Luggage","Singapore Company Suppliers of Artificial Leather Dealers, Gift Shops, Gifts, Leather Bags, Leather Gift Items, Leather Luggage"
Chuan Hiap Hoe & Co,,,,,(+65) 6762-2512 (+65) 6481-2561,(+65) 6762-2512 (+65) 6481-2561,Blk 5031 Ang Mo Kio Ind Pk 2 301-  Singapore 569534,Offline,Other Lifestyle (All categories),Bags and Travel Accessories,"Burlap Bags, Canvas Bags, Cotton Bags  Dealers, Packaging Materials","Singapore Bags Company Suppliers of Burlap Bags, Canvas Bags, Cotton Bags Dealers, Packaging Materials, Bags-Burlap, Canvas & Cotton-Dealers"
Chuan Hoe Hin & Co,,,,,(+65) 6747-4098,(+65) 6742-3523,"3018, Bedok Nth St 5  Singapore 486132",Offline,Other Lifestyle (All categories),Bags and Travel Accessories,"Bags, Package Materials, Packaging  Materials,","Singapore Packaging Company Suppliers of Bags, Package Materials, Packaging Materials, Paper Bags, Paper Products, Plastic Bags, Plastic Products"
Chuan How Hin & Co,,,,,(+65) 6747-4098,(+65) 6742-3529,Blk 1017 Eunos Ave 4 #01-08  Singapore,Offline,Other Lifestyle (All categories),Bags and Travel Accessories,"Plastic Bags, Transparent Package  Materials, Packaging Materials","Singapore Plastic Packaging Company Suppliers of Transparent Bags, Plastic Package Materials, Plastic Packaging Materials, Plastic Bags, Transparent Packaging Products, Plastic Bags, Plastic Products"
Chye Lee (Polythene) Enterprise,,,,,(+65) 6224-8958,(+65) 6224-8958,Blk 53 Tiong Bahru Rd #01-28  Singapore 162053,Offline,Other Lifestyle (All categories),Bags and Travel Accessories,"Polyethylene Materials, Plastic Products","Singapore Plastics Company Suppliers of Polyethylene Materials, Plastic Products, Polyethylene Products"
Chye Lian Hin Plastic Industries,Tan Chye Hock,,clh.plastic@pacific.net.sg,,(+65) 6561-3666,(+65) 6561-3668,51 Bukit Batok Crescent #04-01 Unity Centre  Singapore 658077,Online,Other Lifestyle (All categories),Bags and Travel Accessories,"High Density Polyethylene (HDPE) Bags,  Disposable Plastic Containers","Singapore Plastic Bags Manufacturers & exporters of Polyethylene Bags, High Density Polyethylene (HDPE) Bags, Plastic Food Containers, High Density Polyethylene (HDPE): Vest Carrier Bags, Bottom Sealed Plastic Bags with Die Cut Handle, Plastic Bags on Roll, Dust Bin Liner. Polypropylene (PP): Food Grade Disposable Plastic Containers."
Cintas Enterprises Pte Ltd,,,,,(+65) 6456-0862,(+65) 6457-5689,"26 Tagore Lane, Sindo Industrial Estate  Singapore 787482",Offline,Other Lifestyle (All categories),Bags and Travel Accessories,"Plastic Bags, Package Materials,  Packaging Materials","Singapore Packaging Company Suppliers of Plastic Bags, Package Materials, Packaging Materials, Paper Merchants, Paper Agents , Paper Products, Plastic Bags, Plastic Products, Polyethylene Bags, Polyethylene Carriers, Polyethylene Sacks, Polyethylene Products, Polypropylene Bags"
