Adrian Babe Online,,,,,(+65) 852-6114,,325-A Changi South Avenue 2 Singapore 486594,Offline,Baby and Mother,Nursing and Feeding,"Baby Products, Bedding, Crib Quilts","Singapore Baby Products Company Suppliers of Nursery Bedding, Crib Quilts, Pottery Barn Kids Bedding, Ocean Critters, Entire Crib Quilt Sets"
Al-Ghufran Store & Garment,,,,,(+65) 6745-0045,,"1, Joo Chiat Rd #03-1061 Joo Chiat Complex Singapore 420001",Offline,Baby and Mother,Nursing and Feeding,"Children's Clothes, Infant Wear, Baby  Clothes","Singapore Garment Company Suppliers of Children's Clothes, Infant Wear, Baby Clothes"
Alico Enterprise,,,,,(+65) 6339-9978,,190 Middle Rd # 12-01 Singapore,Offline,Baby and Mother,Nursing and Feeding,"Baby Accessory Manufacturers, Baby  Products, Wholesalers, Baby Products Distributors","Singapore Baby Products Company, Baby Accessory Manufacturers, Baby Products, Wholesalers, Baby Products Distributors"
ALJ Singapore Pte Ltd,"Shirley Leong  512, Chai Chee Lane Singapore",,,,(+65) 6280-1633,,"Shirley Leong  512, Chai Chee Lane Singapore",Offline,Baby and Mother,Nursing and Feeding,"Toys, Baby Products, Chilli Sauces,  Stationery, Display Rack, Carrier Bag","Singapore Trading Company Suppliers of Toys, Baby Products, Chilli Sauces, Stationery, Display Rack, Carrier Bags, Sweet & Sour Chilli Sauce (Thai Style) Vegetarian Chilli Sauce, Extra Hot Chilli Sauce"
Allan Chong Fashion Trading Company,,,,,(+65) 6744-3298,,288A Mac Pherson Rd Singapore,Offline,Baby and Mother,Nursing and Feeding,"Children's Clothes, Infants Clothes,  Manufacturers, Wholesalers, Distributors","Singapore Children Wear Company Suppliers of Children's Clothes, Infants Clothes, Children's & Infants' Wear Manufacturers, Wholesalers, Distributors"
Aprisin Singapore Pte Ltd,,,,,(+65) 6336-8311,,50 Tagore Lane #B1-02 Singapore 787494,Offline,Baby and Mother,Nursing and Feeding,"Baby Products, Baby Carriages, Baby  Strollers","Singapore Baby Products Company Suppliers of Baby Products, Baby Carriages, Baby Strollers, Aprica Strollers, Graco Strollers, Baby Strollers and Playpens, Little Tikes Strollers"
Ark World (S) Pte Ltd,Timothy Tan ,,,,(+65) 6314-3967,,"Timothy Tan  6 Raffles Boulevard, #03-256 Singapore 039594",Offline,Baby and Mother,Nursing and Feeding,"Plush Toys, Stuffed Toys","Singapore Toy Company Suppliers of Plush Toys, Stuffed Toys, Benko Plush toys, Molder Works, Yeah Kou Vele Animal Plush toys, Spok Toys, Le Zee Toys, soap bags, Vele Animal Plush toys, Benko Plush toys, Benko Plush toys"
Artha Cozy Baby,Upper Changi,,,,(+65) 9906-7497,,Upper Changi Rd East Singapore 467354,Offline,Baby and Mother,Nursing and Feeding,"Baby Products, Bedding","Singapore Baby Products Company Supplies suppliers of Baby Products, Nursery Bedding, New Lambs & Ivy Baby Picasso Sage Baby 14-Piece Crib Nursery New Lambs & Ivy Baby 23-Piece Crib Nursery Set New Cotton Tale Tiny Tango 14-Piece Baby Bedding Sets"
Baby Concept Pte Ltd,,,info@babyconcept.com.sg,,(+65) 6274-1335 (+65) 6271-0823,,"100E, Pasir Panjang Rd Century Warehouse  Singapore 118521",Online,Baby and Mother,Nursing and Feeding,"Baby Products, Children's Clothes, Infant  Wear, Baby Clothes","Online store, distributor, & retailer of award-winning educational & developmental baby products, books, music, Your Baby Can Read, Rock n Learn, & Baby Einstein VCDs & DVDs, toys, feeding, gift, & skin care products, baby accessories from USA"
Baby D C,,,,,(+65) 6337-8380,,"261, Waterloo St #04-35 Waterloo Centre Singapore 180261",Offline,Baby and Mother,Nursing and Feeding,"Children's Clothes, Infant Wear, Baby  Clothes","Singapore Baby Clothes Company Suppliers of Baby Products, Children's Clothes, Infant Wear, Babies Clothes"
Baby Jumper Gym,,,hello@bjg.com.sg,,6563-0716,,2 Bukit Batok West Avenue 7  Singapore 659003,Online,Baby and Mother,Nursing and Feeding,"Children's Education, Baby Services","Singapore Development centre for babies & children; provides an environment & training that stimulates a child's brain as much as possible, covering all aspects of mental and physical skills, through fun-filled methods like games and music"
BabyBreeze Pte Ltd,,,,,(+65) 6397-6716,,10 Sinaran Drive  Singapore 307506,Offline,Baby and Mother,Nursing and Feeding,"Childbirth Education, Yoga Classes,  Massage, Breastfeeding Workshops  Parenting Classes","Singapore Agency offering parent & childbirth education, yoga classes, massage, breastfeeding workshops, post-natal pilates, babysitting, TENS machine rental, first aid, home birth, water birth, nanny service, baby & maternity products to couples"
Baby's First Gifts & Souvenirs Ltd,,,,,(+65) 6225-3885,,"100, Eu Tong Sen St #01-K6 Pearl Centre  Singapore 059812",Offline,Baby and Mother,Nursing and Feeding,"Baby Products, Giftware, Gifts, Gift  Shops","Singapore Baby Products Company Suppliers of Baby Products, Baby Giftware, Baby Gifts, Children's Clothes, Infant Wear, Baby Clothes"
Babywell International Pte Ltd,Peter Cheong,Managing Director,pcheong@babywell.com,,(+65) 6260-0178,,"Blk 164, Tampines Street 12, #03-275  Singapore 521164",Online,Baby and Mother,Nursing and Feeding,"Baby Products, Milk Expresso Machines","Milk Expresso machine with a steriliser, programmed formula mixer, and an air pot for preparing formula milk for babies, & sterilising breast pumps; sells online. The Babywell Milk Expresso, an intelligent appliance that will provide total Convenience, Consistency and Hygiene in preparing Powdered Infant Formula (PIF) for your precious baby during this special period of your life."
Cadee Incorporation (Singapore),,,contactus@cadee.com.sg,,(+65) 9643-6906,,BLK 148 Bedok Reservoir Road  Singapore 470148,Online,Baby and Mother,Nursing and Feeding,"Baby Clothing, Baby Fashion Wear","Singapore Baby Clothing, Baby Fashion Wear. Our specialty baby fashion wear and apparel is made for the delicate baby touch and is presented in our exquisite designer's packaging."
Cards n Such Pte Ltd,,,,,(+65) 6734-9657,,"160 paya lebar, # 07-04 Orion @Paya Lebar  Singapore",Offline,Baby and Mother,Nursing and Feeding,"Greetings Cards, Giftware, Gifts, Gift  Shops","Singapore Gift shop Suppliers of Baby Furniture, Cards n Such stock wide selection of gifts, home accessories, infant furniture, greeting cards and novelties."
Chenille International Pte Ltd,,,,,(+65) 6735-2511,(+65) 6735-9259,"1, Kim Seng Promenade Great World City  Singapore 237994",Offline,Baby and Mother,Nursing and Feeding,"Baby Clothes, Baby Garments,  Manufacturers, Wholesalers, Retailers","Singapore Baby Products Company Suppliers of Baby Clothes, Baby Garments, Baby Clothes Manufacturers, Baby Clothes Wholesalers, Baby Clothes Retailers"
Cheong Choon Store,,,info@cheongchoon.com,www.cheongchoon.com,(+65) 6532-3855,(+65) 6532-7816,Blk 34 Upper Cross Street #03-132  Singapore 050034,Online,Baby and Mother,Nursing and Feeding,"Baby Products, Baby Cots, Bedding,  Feeding Bottles, Prams, Car Seats","Singapore Baby Products Company Suppliers of Baby Bath Towels, Baby Bath Tubs, Baby Baths, Baby Bed Sheets, Baby Boucenette, Baby Caps, Baby Carriers, Baby Chest Pillows, Baby Cots, Baby Cotton buds, Baby Fine Cotton buds, Baby Fine Face cloths, Baby Hair Brush, Baby Hair Combs, Baby Long Pants, Baby Panty, Baby Potty, Baby Powders, Baby Receiving Blankets, Baby Rocking Chairs, Baby Safety Scissors, Baby Shampoo, Baby Shorts, Baby Soaps, Baby Socks, Baby Soft Shoes, Baby Toys, Baby walkers, Bath Mats"
Chickeeduck Retail (Singapore) Pte Ltd,,,,,(+65) 6738-9103,(+65) 6744-8146,"583 Orchard Road, #03-03 the Forum  Singapore 238884",Offline,Baby and Mother,Nursing and Feeding,"Childrens Clothing, Children's Wear,  Children's Clothes, Infant Wear, Baby Clothes","Singapore Clothing Products Company Suppliers of Children's Clothing, Children's Wear, Children's Clothes, Infant Wear, Baby Clothes"
Chino Pte Ltd,,,chino_pl@pacific.net.sg,,(+65) 6737-4288 (+65) 6737-4388,(+65) 6737-4394 (+65) 6737-4388,"451 Pasir Ris Drive 6, #06-186  Singapore",Online,Baby and Mother,Nursing and Feeding,"Baby Clothing, Baby Products, Childrens  Clothing, Ladieswear, Menswear","Singapore Clothing Wholesalers Company Suppliers of Baby Clothing, Baby Products, Childrens Clothing, Ladieswear, Menswear"
Chuans Trader Enterprise,,,,,(+65) 6534-3185,(+65) 6535-0538,Blk 34 Up Cross St #03-134  Singapore,Offline,Baby and Mother,Nursing and Feeding,"Children's Clothes, Infant Wear, Baby  Clothes","Singapore Clothes Trading Company Suppliers of Children's Clothes, Infant Wear, Baby Clothes"
Christofle (SEA) Pte Ltd,Emmy Tellier,,pavillonhilton.singapore@christofle.com,,(+65) 6227-9907,(+65) 6227-0272,581 Orchard Road #02-11/12 The Shopping Gallery  Hilton  Singapore 238883,Online,Baby and Mother,Nursing and Feeding,"Flatware, Baby Gifts, Jewelry, Tableware,  Holloware, Home Accessories","Singapore Giftware Company Suppliers of Flatware, Baby Gifts, Jewelry, Tableware, Holloware, Home Accessories, Baby Cups"
Ciel Bleu International,,,,,(+65) 6438-3825,(+65) 6438-3825,"1, Raffles Pl #05-01 OUB Centre  Singapore 048616",Offline,Baby and Mother,Nursing and Feeding,"Children's Clothes, Infant Wear, Baby  Clothes","Singapore Kid's Clothes Company Suppliers of Children's Clothes, Infant Wear, Baby Clothes, Belts, Dresses, Pants, Polo Shirts, Shoes, Shorts, T Shirts"
D & D Marketing,,,,,(+65) 6841-5908,(+65) 6841-2318,"627a Aljunied Road, #09-12 Biztech Centre  Singapore 389842",Offline,Baby and Mother,Nursing and Feeding,"Baby Care Aids, Baby Diaper or Training  Pants, Baby Toiletries","Singapore Baby Products Company Suppliers of Baby Care Aids, Baby Diaper or Training Pants, Baby Toiletries, Baby Toys, Child Products, Babycare Products, Childcare Products, Childrens Clothing"
