ALJ Singapore Pte Ltd,"Shirley Leong  512, Chai Chee Lane Singapore",,,,(+65) 6280-1633,,"Shirley Leong  512, Chai Chee Lane Singapore",Offline,Other Lifestyle (All categories),"Toys (puppets, legos etc)","Toys, Baby Products, Chilli Sauces,  Stationery, Display Rack, Carrier Bag","Singapore Trading Company Suppliers of Toys, Baby Products, Chilli Sauces, Stationery, Display Rack, Carrier Bags, Sweet & Sour Chilli Sauce (Thai Style) Vegetarian Chilli Sauce, Extra Hot Chilli Sauce"
American Trade Solution,"Jose Sespedes  136A, Hillview Avenue 05-02 Merawoods Singapore",,info@atradesolution.com,,(+65) 9452-0345,,"Jose Sespedes  136A, Hillview Avenue 05-02 Merawoods Singapore 669606",Online,Other Lifestyle (All categories),"Toys (puppets, legos etc)","Innovation Technology, Computers  Hardware, New Products, PC Memories, Hard Drives, wireless  solutions, Laptop accessories, PC accessories, mobile phones,  memory DDR, Optical","Singapore Trading Company Suppliers of Innovation Technology Products, Computers Hardware, New Products, PC Memories, Hard Drives, wireless solutions, Laptop accessories, PC accessories, mobile phones, memory DDR, Optical Drives, RC Cars, RC Helicopters, RC Boats, RC accessories, RC Tires"
Ark World (S) Pte Ltd,Timothy Tan ,,,,(+65) 6314-3967,,"Timothy Tan  6 Raffles Boulevard, #03-256 Singapore 039594",Offline,Other Lifestyle (All categories),"Toys (puppets, legos etc)","Plush Toys, Stuffed Toys","Singapore Toy Company Suppliers of Plush Toys, Stuffed Toys, Benko Plush toys, Molder Works, Yeah Kou Vele Animal Plush toys, Spok Toys, Le Zee Toys, soap bags, Vele Animal Plush toys, Benko Plush toys, Benko Plush toys"
Audrey Daniel and Associates,Daniel Tan ,,daniel.tan77@gmail.com,,(+65) 9220-1056,,Daniel Tan  406c# 09-53 Fernvale Road Singapore 793406,Online,Other Lifestyle (All categories),"Toys (puppets, legos etc)","Toys, Diecast Toy Cars","Singapore Toys Company Suppliers of Diecast Toys, Diecast Toy Cars, Tomica Diecast Cars, Diecast Vehicles, Tomica Disney Cars, Tomica Diecast Toy Cars"
Baby Concept Pte Ltd,,,info@babyconcept.com.sg,,(+65) 6274-1335 (+65) 6271-0823,,"100E, Pasir Panjang Rd Century Warehouse  Singapore 118521",Online,Other Lifestyle (All categories),"Toys (puppets, legos etc)","Baby Products, Children's Clothes, Infant  Wear, Baby Clothes","Online store, distributor, & retailer of award-winning educational & developmental baby products, books, music, Your Baby Can Read, Rock n Learn, & Baby Einstein VCDs & DVDs, toys, feeding, gift, & skin care products, baby accessories from USA"
C & K Marketing Pte Ltd,ALAN CHUA,,cheng@ckmark.com,,(+65) 6741-7797,(+65) 6741-7775,180 Paya Lebar Road #07-06 Yi Guang Factory  Building  Singapore 409032,Online,Other Lifestyle (All categories),"Toys (puppets, legos etc)","Gifts, Souvenirs, Silk-Screen, Laser  Imprint, Hot-Stamp, Embroidery","Singapore providers of corporate gifts and souvenirs, Advertising & Promotion Products, Arts & Crafts, Bags, Pouches, Books, Organisers, Business Gifts, Calendars, Car Accessories, Clocks & Watches, Computer & IT Products, Drinkware, Electronic Devices, Festive Gifts Food baskets, Games, Toys, Playing Cards, Inflatables, Golf Products, Healthy Life Products, Housewares, Tools, Jewellery, Keychains, Purses, Photo frames, Recognition Awards, Trophies, Sporting Goods, ravel Accessories, Umbrellas, Wedding Gifts, Writing Instruments"
Capitol Plastics Company,,,,,(+65) 6220-8398,(+65) 6220-8398,Blk 335 Smith St #01-016 Chinatown Complex  Singapore 622083,Offline,Other Lifestyle (All categories),"Toys (puppets, legos etc)","Mahjong Wholesalers, Mahjong  Manufacturers","Singapore Mahjong Wholesalers, Mahjong Manufacturers, Mahjong Distributors, Mahjong Suppliers"
Century Sails Pte Ltd,,,,,(+65) 6235-4434,(+65) 6235-4434,"1 Kim Seng Promenade, #02-36 Great World City  Singapore 237994",Offline,Other Lifestyle (All categories),"Toys (puppets, legos etc)","Corporate Marketing Gifts, Key Chains,  Model Making, Promotional Giftware,  Advertising Products, Toys","Singapore Gifts Company Suppliers of Corporate Marketing Gifts, Gift Services, Giftware, Key Chains, Model Making Accessories, Parenting Services, Polyurethane (PU) Products, Promotional Giftware, Advertising Giftware, Promotional Products, Advertising Products, Toys"
Cheong Choon Store,,,info@cheongchoon.com,www.cheongchoon.com,(+65) 6532-3855,(+65) 6532-7816,Blk 34 Upper Cross Street #03-132  Singapore 050034,Online,Other Lifestyle (All categories),"Toys (puppets, legos etc)","Baby Products, Baby Cots, Bedding,  Feeding Bottles, Prams, Car Seats","Singapore Baby Products Company Suppliers of Baby Bath Towels, Baby Bath Tubs, Baby Baths, Baby Bed Sheets, Baby Boucenette, Baby Caps, Baby Carriers, Baby Chest Pillows, Baby Cots, Baby Cotton buds, Baby Fine Cotton buds, Baby Fine Face cloths, Baby Hair Brush, Baby Hair Combs, Baby Long Pants, Baby Panty, Baby Potty, Baby Powders, Baby Receiving Blankets, Baby Rocking Chairs, Baby Safety Scissors, Baby Shampoo, Baby Shorts, Baby Soaps, Baby Socks, Baby Soft Shoes, Baby Toys, Baby walkers, Bath Mats"
ChildrenToys,,,admin@childrentoys.sg,,(+65) 6753-3917,(+65) 6399-3699,20 Maxwell Road #09-17  Singapore 069113,Online,Other Lifestyle (All categories),"Toys (puppets, legos etc)","Educational Toys, Kid's Games, Motorised  Electronic Toys","Singapore Toy Company Suppliers of Educational Toys, Kid's Games, Motorised Electronic Toys. Singapore agents, distributors resellers for American toy company ROKENBOK, dealing with self assemble motorised electronic toys which is both a collectible, limited edition. We have various model to choose from junior sets to building sets."
D & D Marketing,,,,,(+65) 6841-5908,(+65) 6841-2318,"627a Aljunied Road, #09-12 Biztech Centre  Singapore 389842",Offline,Other Lifestyle (All categories),"Toys (puppets, legos etc)","Baby Care Aids, Baby Diaper or Training  Pants, Baby Toiletries","Singapore Baby Products Company Suppliers of Baby Care Aids, Baby Diaper or Training Pants, Baby Toiletries, Baby Toys, Child Products, Babycare Products, Childcare Products, Childrens Clothing"
