Al-Ghufran Store & Garment,,,,,(+65) 6745-0045,,"1, Joo Chiat Rd #03-1061 Joo Chiat Complex Singapore 420001",Offline,Kids/Toddlers,"Indoor and outdoor equipment, Fashion (Clothes, belts and shoes)","Children's Clothes, Infant Wear, Baby  Clothes","Singapore Garment Company Suppliers of Children's Clothes, Infant Wear, Baby Clothes"
Allan Chong Fashion Trading Company,,,,,(+65) 6744-3298,,288A Mac Pherson Rd Singapore,Offline,Kids/Toddlers,"Indoor and outdoor equipment, Fashion (Clothes, belts and shoes)","Children's Clothes, Infants Clothes,  Manufacturers, Wholesalers, Distributors","Singapore Children Wear Company Suppliers of Children's Clothes, Infants Clothes, Children's & Infants' Wear Manufacturers, Wholesalers, Distributors"
Chickeeduck Retail (Singapore) Pte Ltd,,,,,(+65) 6738-9103,(+65) 6744-8146,"583 Orchard Road, #03-03 the Forum  Singapore 238884",Offline,Kids/Toddlers,"Indoor and outdoor equipment, Fashion (Clothes, belts and shoes)","Childrens Clothing, Children's Wear,  Children's Clothes, Infant Wear, Baby Clothes","Singapore Clothing Products Company Suppliers of Children's Clothing, Children's Wear, Children's Clothes, Infant Wear, Baby Clothes"
ChildrenToys,,,admin@childrentoys.sg,,(+65) 6753-3917,(+65) 6399-3699,20 Maxwell Road #09-17  Singapore 069113,Online,Kids/Toddlers,"Indoor and outdoor equipment, Fashion (Clothes, belts and shoes)","Educational Toys, Kid's Games, Motorised  Electronic Toys","Singapore Toy Company Suppliers of Educational Toys, Kid's Games, Motorised Electronic Toys. Singapore agents, distributors resellers for American toy company ROKENBOK, dealing with self assemble motorised electronic toys which is both a collectible, limited edition. We have various model to choose from junior sets to building sets."
Chin Mah Trading Company,,,,,(+65) 6566-3525,(+65) 6566-3525,Blk 271 Bt Batok East Ave 4 #01-158  Singapore,Offline,Kids/Toddlers,"Indoor and outdoor equipment, Fashion (Clothes, belts and shoes)","Children's Clothes, Infant Wear, Baby  Clothes","Singapore Children's & Infants' Wear-Wholesalers, Manufacturers, Distributors, Suppliers of Children's Clothes, Infant Wear, Baby Clothes"
Chino Pte Ltd,,,chino_pl@pacific.net.sg,,(+65) 6737-4288 (+65) 6737-4388,(+65) 6737-4394 (+65) 6737-4388,"451 Pasir Ris Drive 6, #06-186  Singapore",Online,Kids/Toddlers,"Indoor and outdoor equipment, Fashion (Clothes, belts and shoes)","Baby Clothing, Baby Products, Childrens  Clothing, Ladieswear, Menswear","Singapore Clothing Wholesalers Company Suppliers of Baby Clothing, Baby Products, Childrens Clothing, Ladieswear, Menswear"
Chuan Bee Hoe Kee Co,,,,,(+65) 6747-1968,(+65) 6747-1968,"2 Geylang Square, #01-213a #02-14  Singapore 389169",Offline,Kids/Toddlers,"Indoor and outdoor equipment, Fashion (Clothes, belts and shoes)","Chairs, Furniture Manufacturers,  Furniture Stores, Furniture Dealers","Singapore Furniture Manufacturing Company Furniture Stores, Furniture Dealers. Suppliers of Chairs, Childrens Furniture"
Chuans Trader Enterprise,,,,,(+65) 6534-3185,(+65) 6535-0538,Blk 34 Up Cross St #03-134  Singapore,Offline,Kids/Toddlers,"Indoor and outdoor equipment, Fashion (Clothes, belts and shoes)","Children's Clothes, Infant Wear, Baby  Clothes","Singapore Clothes Trading Company Suppliers of Children's Clothes, Infant Wear, Baby Clothes"
Ciel Bleu International,,,,,(+65) 6438-3825,(+65) 6438-3825,"1, Raffles Pl #05-01 OUB Centre  Singapore 048616",Offline,Kids/Toddlers,"Indoor and outdoor equipment, Fashion (Clothes, belts and shoes)","Children's Clothes, Infant Wear, Baby  Clothes","Singapore Kid's Clothes Company Suppliers of Children's Clothes, Infant Wear, Baby Clothes, Belts, Dresses, Pants, Polo Shirts, Shoes, Shorts, T Shirts"
D & D Marketing,,,,,(+65) 6841-5908,(+65) 6841-2318,"627a Aljunied Road, #09-12 Biztech Centre  Singapore 389842",Offline,Kids/Toddlers,"Indoor and outdoor equipment, Fashion (Clothes, belts and shoes)","Baby Care Aids, Baby Diaper or Training  Pants, Baby Toiletries","Singapore Baby Products Company Suppliers of Baby Care Aids, Baby Diaper or Training Pants, Baby Toiletries, Baby Toys, Child Products, Babycare Products, Childcare Products, Childrens Clothing"
